Judul,Abstrak
APLIKASI LAYANAN MONITORING PEMESANAN BAJU BERBASIS WEB MENGGUNAKAN METODE WATERFALL DI KONVEKSI KECIL- MENENGAH KABUPATEN SEMARANG,"Konveksi merupakan sebuah kegiatan usaha yang bergerak di bidang pembuatan dan penjualan pakaian. Di kabupaten semarang terdapat usaha konveksi yang masih menggunakan sistem konvensional dalam gerak usahanya sehingga mengalami banyak kendala dalam melaksanakan pekerjaan. Permasalahan yang ada pada konveksi ini adalah pembeli yang terkadang mengeluh karena proses pemesanan masih dilakukan secara manual di era digital seperti sekarang. Sebagai badan usaha yang bergerak di bidang pembuatan dan penjualan, penting bagi pengelola usaha untuk memudahkan pembelinya dalam melakukan pemesanan dan pemantauan. Untuk memberikan kemudahan bagi pembelinya, perlu dibangun sebuah sistem monitoring yang bisa digunakan pembeli tanpa harus mendatangi lokasi konveksi. Dalam pembuatan sistem ini selain untuk melakukan monitoring, juga dapat melakukan pembelian tanpa harus mendatangi tempat konveksi secara langsung. Sistem yang dibangun pada penelitian ini dengan mengimplementasikan model waterfall. Model waterfall digunakan karena memiliki tahapan yang sistematis dan runtut sehingga memudahkan dalam membangun sistem. Tujuan di bangunnya sistem monitoring ini yaitu untuk memudahkan pembeli dalam melakukan pemantauan proses pengerjaan pesanan yang dilakukan tanpa mendatangi secara langsung. Perancangan sistem ini dengan menggunakan PHP, database MySql serta pengujian yang digunakan yaitu blackbox. Hasil penelitian ini merupakan sebuah sistem monitoring pemesanan barang berbasis website yang dapat digunakan pelaku usaha untuk memperbarui barang maupun proses pembuatan barang yang telah dipesan serta memudahkan pembeli untuk memantau proses pembuatan pesanan mereka melalui website.
Kata Kunci : Sistem Monitoring, Pemesanan, Waterfall, Website."
SISTEM REKOMENDASI PENCARIAN TEMPAT WISATA DI KUDUS MENGGUNAKAN METODE HAVERSINE,"Kota Kudus memiliki banyak sekali wisata tetapi yang masyarakat kunjungi sebagian besar hanya ke dua tempat saja yaitu Makam Sunan Kudus dan Makam Sunan Muria, sehingga banyak tempat wisata lain yang berada di Kota Kudus jarang di kunjungi dan kurang terekpos, serta permasalahan selanjutnya yaitu pengenalan tempat pariwisata oleh pemerintah setempat yang masih menggunakan metode lama yaitu berupa pengenalan tempat pariwisata secara manual. Sistem rekomendasi pencarian tempat wisata di kota Kudus menggunakan metode Haversine dapat digunakan untuk melakukan pencarian tempat wisata yang ada di Kota Kudus dan mempermudah bagi wisatawan yang ingin berkunjung ke Kota Kudus. Sistem ini dapat menampilkan rekomendasi tempat yang mau dikunjungi melalui kriteria-kriteria jenis wisata yang telah dipilih. Aplikasi ini tediri dari user dan admin. Admin dapat mengolah data dan memasukkan lokasi ke sistem dan untuk melakukan tersebut admin harus login terlebih dahulu, sedangkan user dapat mencari tempat yang telah ditentukan dan user dapat memilih tempat mana saja yang dapat dikunjungi. Penelitian selanjutnya diharapkan dapat dikembangkan menjadi platform android

Kata Kunci
Haversine, Kota Kudus,Rekomendasi, Tempat Wisata"
RANCANG BANGUN SISTEM PENDUKUNG KEPUTUSAN UNTUK MENENTUKAN INSENTIF TAHUNAN PADA KARYAWAN PRODUKSI SIGARET KRETEK TANGAN (SKT) MENGGUNAKAN METODE SIMPLE ADDITIVE WEIGHTING DI CV. DEF SEMARANG,"Insentif Tahunan merupakan kompensasi pembayaran non pokok yang diberikan Perusahaan kepada karyawan sesuai dengan kebijakan Perusahaan. CV. DEF menghitung perhitungan insentif karyawan tahunan tanpa menggunakan sistem pendukung keputusan untuk menghitung jumlah karyawan, yang memakan banyak waktu dalam proses perhitungannya. Maka dari itu, diperlukan sistem pengambilan keputusan guna meminimalkan kesalahan dan mempersingkat waktu penghitungan insentif tahunan. Perhitungan dapat dilakukan dengan menentukan bobot kriteria yang ditetapkan sesuai dengan kebijakan perusahaan. Dengan membuat sistem pendukung keputusan memakai”metode simple additive weighting”(SAW), diharapkan bisa membantu menghitung pendapatan bonus tahunan untuk karyawan.
Kata Kunci :”Sistem”Pendukung”Keputusan, Insentif Tahunan, Simple Additive Weighting Process."
ESTIMASI PERSEDIAAN OLI PADA TOKO MANDALA DEMAK MENGGUNAKAN METODE REGRESI LINIER BERGANDA,"Toko Mandala yang berlokasi di Demak merupakan suatu toko yang menjual onderdil untuk sepeda motor, salah satu produknya yang paling laris terjual adalah oli. Pada proses penjualannya, persediaan oli harus diperhatikan untuk menghindari penumpukan oli yang akan menyebabkan pemborosan untuk biaya pemeliharannya, atau kurangnya persediaan oli yang akan membuat para konsumen beralih ke toko lain. Untuk membantu dalam menjaga persediaan oli agar tetap terkendali maka diperlukan sistem estimasi persediaan oli pada Toko Mandala Demak. Dalam membuat sistem estimasi, penulis menggunakan metode Regresi Linier Berganda. Metode Regresi Linier Berganda merupakan hubungan antara satu variabel tak bebas (Y) dengan dua atau lebih variabel bebas (X) untuk mengestimasikan nilai (Y) apabila nilai-nilai (X) diketahui. Untuk mendapatkan nilai persentase yang akan dijadikan dasar untuk mengetahui hasil estimasi yang baik atau tidak maka digunakan salah satu indicator yaitu Mean Absolute Percentage Error (MAPE). Dari penelitian ini setiap produk oli memiliki hasil MAPE yang berbeda, untuk produk Yamalube Matic (2,3%),  Federal Matic (2,4%), dan AHM MPX 2 (2,4%). Sedangkan rata-rata nilai MAPE sebesar 2,4% untuk semua varian oli yang diujikan.

Kata kunci: sistem estimasi, persediaan, oli, regresi linier berganda, MAPE"
PENENTUAN PENGADAAN DAN PENGHAPUSAN INVENTARIS RUMAH SAKIT DENGAN METODE FUZZY MAMDANI DI RSIGM SULTAN AGUNG,"Sistem inventori sudah banyak digunakan atau dikembangkan pada suatu tempat dengan berbagai macam teknologi dan sistem. Permasalahan pada Rumah Sakit Islam Gigi dan Mulut Sultan Agung ini adalah belum tersedianya sistem inventori. Rumah Sakit Islam Gigi dan Mulut Sultan Agung (RSIGM) adalah Rumah Sakit dengan Type B yang mengutamakan kualitas pelayanan perawatan kesehatan gigi dan mulut. Sebagai Rumah Sakit Type B, RSIGM Sultan Agung memerlukan sarana dan prasarana yang memadai. Untuk itu setiap tahunnya dilakukan pengadaan inventaris Rumah Sakit. Pengadaan adalah kegiatan yang dilakukan untuk menyediakan semua jenis sarana dan prasarana kesehatan yang sesuai dengan kebutuhan dalam mencapai tujuan yang diharapkan.Pada saat ini, dalam mengolah data inventaris yang ada di RSIGM Sultan Agung belum menggunakan aplikasi, karena masih menggunakan sistem manual. Sehingga kesulitan dalam pengelolaan inventarisasi yang ada di RSIGM Sultan Agung. Salah satu dampak yang timbul adalah kesulitan mengambil keputusan dalam menentukan pengadaan inventaris baru. Pada sistem inventaris ini proses perhitungan pengadaan dan penghapusan inventaris untuk perhitungan pengadaan dengan item kursi sebanyak 18,7776, hasil tersebut didapat dari jumlah perhitungan stok barang sebanyak 12 dan barang rusak sebanyak 25. Untuk perhitungan penghapusan dengan item kursi dengan hasil yang didapat yaitu 5,2388, dengan keterangan Rekomendasi penghapusan. hasil tersebut didapat dari jumlah perhitungan stok barang sebanyak 12 dan kondisi barang yang berumur 6 tahun.


Kata Kunci : Laporan Tugas Akhir, Sistem Inventori, Fuzzy Mamdani"
SISTEM INFORMASI GEOGRAFIS PENCARIAN JALUR TERPENDEK UNTUK MENGHINDARI DAERAH RAWAN BANJIR DI KOTA SEMARANG MENGGUNAKAN METODE BFS (BREADTH FIRST SEARCH) (STUDI KASUS : SEMARANG UTARA),"Kota Semarang merupakan salah satu kota besar di Indonesia yang terdiri dari beberapa kecamatan dan sebagian besar penduduknya ada yang bermukim di bagian garis pantai utara jawa yaitu bagian Semarang Utara.Kecamatan Semarang Utara merupakan salah satu tempat di Kota Semarang yang sering terkena genangan rob. Berdasarkan pengamatan lapangan banyak bangunan yang tergenang dibandingkan dengan kecamatan-kecamatan lain di Kota Semarang.SIG dapat menyajikan informasi fisik suatu daerah yangberpengaruh dalam menentukan daerah rawan banjir serta menentukan jalur terpendek yang terjadi di Kota Semarang.Penelitian ini bertujuan membangun sebuah Sistem Informasi Geografis yang dapat digunakan untuk pencarian jalur terdekat untuk menghindari daerah rawan banjir di Kota Semarang pada daerah Semarang Utaramenggunakan metode Breadth First Search (BFS). Aplikasi ini tediri dari user dan admin. Admin mengolah data jalan, data bobot jalan, data banjir dimana admin untuk mengelola data harus login terlebih dahulu, sedangkan user dapat mencari jalur terpendek yang diinginkan dengan memilih jalan awal dan jalan tujuan kemudian sistem akan menampilkan jalur terpendek yang aman dan bebas dari banjir rob beserta jarak yang ditempuh

Kata Kunci
Banjir, Breadth First Search, Sistem Informasi Geografis"
"PERANCANGAN SISTEM PAKAR UNTUK MENGIDENTIFIKASI HAMA DAN PENYAKIT PADA TANAMAN BAWANG MERAH MENGGUNAKAN
METODE CERTAINTY FACTOR BERBASIS WEB","Negara Indonesia khususnya di daerah Jawa tengah merupakan salah satu penghasil bawang merah terbesar. Sebagian para petani mengandalkan hasil budidaya bawang merah sebagai tumpuan ekonomi keluarga karena hasil dari panen bawang merah cukup menjanjikan. Namun, pada musim-musim tertentu tanaman bawang merah sering terserang berbagai macam gangguan hama dan penyakit. Sehingga dapat menurunkan hasil panen atau bahkan dapat menyebabkan gagal panen. Untuk mengatasi masalah tersebut, perlu tindakan yang cepat dan tepat agar tanaman bawang merah terhindar dari berbagai macam hama dan penyakit. Metode pengembangan sistem pakar identifikasi gangguan pada tanaman bawang merah merupakan solusi yang terbaik agar dapat mengidentifikasi gangguan tanaman bawang merah sedini mungkin. Metode yang digunakan dalam sistem pakar ini adalah dengan metode certainty factor. Dengan metode tersebut diperlukan beberapa pakar untuk memberikan data-data yang berkaitan dengan gangguan pada tanaman bawang merah. Sistem pakar identifikasi gangguan tanaman bawang merah di rancang menggunakan bahasa pemrograman php berbasis web. Dalam perancangan basis pengetahuan yang sebagai inti dari sistem ini, dibuat secara dinamis agar memudahkan dalam menambah data- data yang baru. Dengan adanya sistem pakar ini bisa membantu para petani untuk memudahkan dalam penanganan masalah bawang merah.

Kata Kunci : Sistem Pakar, Certainty Factor, Bawang Merah, Diagnosa Hama dan Penyakit"
PREDIKSI MASA STUDI MAHASISWA BERBASIS CASE BASED REASONING MENGGUNAKAN COSINE SIMILARITY RETRIEVAL,"Program pendidikan Sarjana di Indonesia yang telah mendapatkan akreditasi dari Dewan Pendidikan dan BAN-PT untuk terus ditingkatkan kualitasnya, terutama setelah melalui proses penilaian. Program Pendidikan Sarjana (S1) Teknik Informatika, merupakan program Pendidikan Berkelanjutan yang memiliki beban studi minimal 144 SKS dengan masa studi 7 hingga 14 semester menurut kurikulum 2012.Case-based reasoning (CBR) adalah teknik penalaran yang dapat memecahkan masalah dengan mengidentifikasi jawaban atas kasus baru dengan menggunakan contoh-contoh sebelumnya yang serupa dengan kasus yang telah terjadi. Prosedur untuk mengukur nilai atribut agar dapat berada dalam rentang yang ditentukan dikenal sebagai normalisasi. Metode Cosine Similarity merupakan metode yang digunakan untuk menghitung kemiripan (tingkat kesamaan) antar dua buah objek. nilai cosine similarity atau kemiripan antara kasus baru dengan basis kasus yang sudah ada mendapatkan nilai yang terdekat atau tertinggi, tetapi beberapa data masih menunjukkan nilai ketepatan prediksi yang belum tepat. Seperti pada contoh no 3 mendapatkan nilai tertinggi yaitu 0.99834 dimana kasus baru yang akan diprediksi pada data asli data tersebut telah menyelesaikan masa studi selama 10 semester , sedangkan pada prediksi mendapatkan prediksi masa studi 8 semester. Hasil evaluasi sistem menggunakan MAPE diperoleh eror yang kecil yaitu 8,6% dan tingkat akurasi sistem 91,4% mengartikan model peramalan yang digunakan pada sistem berbasis Case Based Reasoning dengan metode Cosine Similarity memiliki kemampuan yang sangat baik untuk digunakan proses perhitungan dalam memprediksi masa studi mahasiswa.

Kata Kunci : Prediksi, Masa Studi, Case Based Reasoning, Cosine Similarity"
PERANCANGAN SISTEM PENGHITUNG JUMLAH KENDARAAN DUA ARAH DENGAN METODE BACKGROUND SUBTRACTION DI JALAN TOL JATINGALEH SEMARANG,"Pertumbuhan jumlah penduduk di Indonesia berdampak pada jumlah kendaraan yang beroperasi di jalan tol sehingga menimbulkan kemacetan pada ruas-ruas jalan tol. Diperlukan adanya survey penghitungan jumlah kendaraan untuk mengetahui kepadatan pada ruas-ruas jalan tol, pelaksanaan penghitungan jumlah kendaraan masih dilakukan oleh manusia yang memungkinkan bisa terjadinya human error. Sistem penghitung kendaraan di jalan tol merupakan teknologi komputer untuk mendeteksi dan menghitung setiap kendaraan yang bisa diimplementasikan oleh sistem secara real-time. Penggunaan metode Background Subtraction diimplementasikan pada proses segmentasi dengan cara memisahkan antara objek dan latar belakang dengan threshold untuk mempertegas objek serta menghilangkan shadow. Dalam proses pendeteksian kendaraan dilakukan pengambilan dataset sebagai input sistem yang nantinya akan dilakukan pengujian dan menghasilkan output dari sistem berupa data id, arah, tanggal dan waktu yang tersimpan pada database MySQL dan ditampilkan pada website. Pengujian dilakukan dengan mendapatkan nilai error terendah. Evaluasi kinerja sistem mendapatkan hasil precision 91,07%, recall 87,09%, dan akurasi 84,52%. Metode ini kurang mendapatkan hasil yang optimal apabila diimplementasikan pada saat kondisi lalu lintas yang padat.

Kata Kunci: Background Subtraction, Jalan Tol, Deteksi Objek, Object Filtering, Tracking"
SISTEM PENDUKUNG KEPUTUSAN PENERIMA BANTUAN SOSIAL DENGAN METODE PREFERENCE SELECTION INDEX ( STUDI KASUS DI DESA BULUNG KULON KECAMATAN JEKULO KABUPATEN KUDUS JAWA TENGAH),"Bantuan sosial merupakan pemberian bantuan berbentuk uang/ benda dari pemerintah wilayah kepada individu, keluarga, kelompok serta warga yang sifatnya tidak secara terus menerus serta selektif yang bertujuan buat melindungi dari mungkin terbentuknya resiko social. Salah satu program dari bantuan sosial merupakan Bantua Pangan Non Tunai (BPNT) ialah bantuan sosial pangan dalam wujud non tunai dari pemerintah yang diberikan kepada Keluarga Penerima Manfaat (KPM) tiap bulannya lewat mekanisme Kartu Keluarga Sejahtera (KKS) yang digunakan cuma buat membeli bahan pangan berbentuk beras, daging serta telor di e-warung yang berkolaborasi dengan Himpunan Bank Negeri (HIMBARA). kelurahan desa Bulung Kulon jadi salah satu daerah yang mempraktikkan program tersebut. Pada penerapannya ada Permasalahan dalam pemberian dana bantuan sosial ialah terdapatnya keterbatasan dana yang hendak disalurkan sementara itu itu terjadi kemiripan data kondisi ekonomi penerima Bantuan Sosial sehingga perlu buat merangking data penerima Bantuan Sosial bersumber pada kriteria yang telah ditentukan serta tidak adanya subjektifitas pengambilan keputusan yang menyebabkan bantuan belum tepat sasaran. buat menangani permasalahan tersebut penulis meberikan inovasi ialah sistem pendukung keputusan penerima Bantuan Sosial dengan memakai Metode Preference Selection Index (PSI). kesimpulan dari penelitian ini yaitu proses pemilihan penerima bantuan tersebut bisa dilakukan secara objektif. Serta pula dengan memakai sistem pendukung keputusan ini waktu yang di butuhkan buat pemilihan calon penerima bantuan jadi lebih pendek.

Kata kunci : Bantuan Sosial, Bantuan Pangan Non Tunai (BPNT), Sistem Pendukung Keputusan (SPK), Preference Selection Index (PSI)."
"SISTEM PENDUKUNG KEPUTUSAN
PENILAIAN KARYAWAN IT SUPPORT DENGAN METODE AHP (ANALITICAL HIERARCHY PROCESS) DI PT. UNGARAN SARI GARMENT KAB. SEMARANG","PT Ungaran Sari Garments merupakan perusahaan yang bergerak di bidang manufacturing yang memiliki berbagai macam departemen, salah satunya adalah departemen IT Support. Departemen IT Support sangat penting perannya dalam perusahaan karena dituntut mengikuti perkembangan teknologi dan informasi. Dalam meningkatkan kinerja karyawan IT Support perusahaan melakukan penilaian kepada karyawan tersebut. Kemudian hasil penilaian tersebut sebagai dasar kenaikan upah kerja. Namun penilaian saat ini masih kurang efektif karena masih manual menggunakan form yang nantinya di kalkulasi manual. Kemudian form yang digunakan saat ini masih form lama sehingga perlu adanya pembaharuan serta ada pembobotan jenis pekerjaan. Hal tersebut bisa menyebabkan penilaian menjadi subjectif. Berdasarkan permasalahan tersebut peneliti tertarik membantu Departement IT bagaimana cara menentukan nilai karyawan IT Support dengan lebih efektif dan efesien dengan metode Analitical Hierarchy Process (AHP) agar proses penilaian lebih cepat dan objectif sehingga tidak perlu membuang waktu terlalu banyak ketika proses penilaian. 

Kata kunci: Sistem Pendukung Keputusan, Penilaian Karyawan, IT Support, Metode Analitical Hierarchy Process (AHP), PT. Ungaran Sari Garments Kab. Semarang,"
SISTEM MONITORING DAN KONTROL KUALITAS AIR PADA KOLAM IKAN KOI BERBASIS INTERNET OF THINGS (IOT),"Pada penelitian ini  dirancang suatu sistem yang dapat digunakan sebagai memonitor dan kontrol kualitas air kolam ikan koi dengan tujuan dapat membantu pemelihara ikan koi meningkatkan pertumbuhan pada ikan koi itu sendiri. Saat ini ikan koi banyak diminati oleh beberapa pecinta ikan hias pada kolam rumah atau perkantoran. Melihat ikan koi yang berenang di dalam kolam dapat membantu menurunkan tekanan darah & denyut jantung, selain itu juga dapat di jadikan sebagai stress relief pada tubuh manusia. Ikan koi merupakan ikan hias yang sangat sensitif terhadap kualitas air, oleh karena itu kualitas air sangat berperan dalam perkembangan ikan koi itu sendiri. Pertumbuhan ikan koi tergantung pada beberapa faktor yaitu jenis ikan, sifat genetis, kemampuan memanfaatkan makanan, ketahanan terhadap penyakit, ruang gerak, dan kualitas air. Pada penelitian ini terdapat empat parameter penting yang dijadikan sebagai acuan untuk mengamati kualitas air ikan koi, parameter suhu ideal ikan koi adalah 25 - 30°C, parameter keasaman ideal ikan koi adalah berkisar antara 7.0 – 8.7 pH, parameter minimum oksigen terlarut (DO) ikan koi adalah 5 ppm, sedangkan batas maksimum parameter kekeruhan atau turbidity ikan koi adalah 2000 NTU. Pada penelitian ini telah dibuat sistem yang dapat memonitor dan mengontrol kualitas air kolam ikan koi dengan menggunakan sensor dissolved oxygen (DO), sensor pH, sensor suhu, dan sensor turbidity. Dengan menggunakan metode forward chaining kualitas air telah dikendalikan dengan baik dalam menentukan keputusan dan pengendalian sesuai dengan aturan pakar. Selain itu sistem ini dapat menjalankan fungsi pengambilan data, pengambilan keputusan, pengiriman data ke cloud dan dapat menjalankan aktuator dengan baik. Pada penelitian ini didapatkan nilai akurasi kinerja sistem 100% dengan sepuluh kali percobaan.
Kata kunci : Kualitas Air, Internet of Things, Forward Chaining, Ikan Koi."
PENENTUAN SECTION TERBAIK BERDASARKAN KAIZEN DENGAN METODE SIMPLE ADDITIVE WEIGHTING DI PT SAMI JEPARA,"Untuk mendapatkan perubahan yang lebih baik di PT SAMI Jepara, perusahaan telah membuat suatu program yang bernama kaizen, yaitu salah satu cara yang dilakukan untuk memperoleh suatu perubahan yang lebih baik dengan tujuan agar meningkatkan hasil produksi, efisiensi waktu dan penghematan biaya. Section terbaik berdasarkan kaizen tentunya akan mendapatkan penghargaan dari manajemen PT SAMI Jepara yang diberikan langsung untuk pembuat kaizen. Perhitungan penilaian yang dilakukan oleh tim kaizen ini sebelumnya menggunakan perhitungan manual dalam format excel dengan pengisian berulang dan ada rumus untuk perhitungannya. Untuk membantu pekerjaan tim kaizen dalam melakukan penilaian, diperlukan suatu sistem yang dapat mempersingkat waktu saat proses perhitungan. Untuk itu dilakukan penelitian ini guna merancang sistem yang dibutuhkan dengan menggunakan sistem pendukung keputusan dengan metode simple additive weighting. Dengan adanya sistem ini perhitungan penilaian section terbaik berdasarkan kaizen akan lebih akurat dan menghemat waktu dalam laporan hasil akhir.
Kata kunci : Sistem Pendukung Keputusan (Simple Additive Weighting), Section Terbaik Berdasarkan Kaizen, tim kaizen."
KLASIFIKASI PENENTUAN GIZI STUNTING PADA BALITA MENGGUNAKAN METODE NAÏVE BAYES,"Stunting atau pendek merupakan masalah gizi yang bersifat kronis pada masa pertumbuhan yang disebabkan oleh kurangnya asupan gizi dalam waktu yang cukup lama, sehingga menyebabkan gangguan pertumbuhan yakni tinggi badan anak pendek (kerdil) dari standar usianya. Berdasarkan keputusan Menteri Kesehatan Republik Indonesia, tentang standar antropometri jika hasil pengukuran PB/U atau TB/U berada dibawah -3 SD disebut sangat pendek. Data dari Dinas Kesehatan Kota Semarang, menyatakan bahwa hasil dari pemantauan status gizi berdasar indikator panjang badan terhadap umur (PB/U) atau tinggi badan terhadap umur (TB/U) angka kejadian stunting di kota Semarang sebesar 20,37%. Penelitian yang dilakukan akan mempermudah dalam menentukan informasi mengenai status gizi stunting pada balita. Data stunting akan diolah dan dijadikan sebagai informasi mengenai normal atau tidaknya status gizi stunting pada balita. Dengan informasi tersebut, dapat mempermudah dalam pendataan balita yang mengalami status gizi stunting, selain itu juga dapat digunakan untuk diadakannya penyuluhan guna peningkatan taraf gizi stunting serta pencegahan mengenai stunting pada balita dengan menggunakan Naive Bayes Classifier. Hasil akurasi metode Naive Bayes Classifier dalam melakukan klasifikasi status gizi stunting adalah sebesar 92%

Kata Kunci  Klasifikasi, Stunting, Naive Bayes Classifier"
IMPLEMENTASI METODE TOPSIS (TECHNIQUE FOR OTHERS REFERENCE BY SIMILARITY TO IDEAL SOLUTION) UNTUK MENENTUKAN SALESMAN TERBAIK PADA PT. ENSEVAL PUTERA MEGATRADING TBK,"PT.Enseval Putera Megatrading Tbk merupakan perusahaan yang bergerak dalam bidang farmasi dengan berbagai macam pelayanan dengan karyawan dari berbagai divisi salah satunya salesman. Agar dapat bersaing dengan perusahaan lain di bidang yang sama maka perusahaan wajib memberikan penghargaan bagi salesman terbaik agar dapat bekerja maksimal. Sehingga perlu adanya sistem untuk membantu dalam melakukan seleksi dan dapat menjadi bahan pertimbangan dalam menentukan salesman terbaik. Peneltian ini menggunakan metode TOPSIS (Technique For Others Reference by Similarity to Ideal Solution) karena perhitungan komputasinya lebih efisien dan cepat sehingga mampu menjadi pengukur kinerja dan juga alternatif keputusan dalam sebuah bentuk output komputasi yang sederhana. Dengan dibuatnya sistem pendukung keputusan dengan metode TOPSIS (Technique For Others Reference by Similarity to Ideal Solution) ini diharapkan dapat memberikan solusi kemudahan dalam melakukan perhitungan atau proses seleksi yang membutuhkan ketepatan hasil dan perhitungan yang akurat dalam memberikan penghargaa bagi Salesman Terbaik PT.Enseval Putera Megatrading Tbk. Kesimpulan yang didapat dalam penelitian ini yaitu berhasilnya dalam implementasi metode topsis untuk menentukan Salesman terbaik sudah dapat dilakukan perhitungan dan perangkingan sebagaimana yang diharapkan sebagaimana hasil dalam sistem tersebut.


Kata Kunci : Sistem Pendukung Keputusan, Salesman, Terbaik, Technique For Others Reference by Similarity to Ideal Solution."
RANCANG BANGUN APLIKASI UNTUK KLASIFIKASI TOPIK DOKUMEN ARTIKEL ILMIAH BAHASA INDONESIA MENGGUNAKAN METODE SUPPORT VECTOR MACHINE (SVM),"Artikel ilmiah adalah tulisan hasil proses penelitian yang mengikuti kaidah, metode, dan sistematika yang telah disepakati sehingga kebenerannya dapat dipertanggung jawabkan. Dan media yang banyak digunakan untuk publikasi karya atau artikel ilmiah adalah Internet. Dari data yang tertera pada website https://sinta.ristekbrin.go.id/ menunjukkan bahwa jumlah publikasi di internet terus meningkat setiap tahunnya. Di tahun 2005, jumlah publikasi di Scopus hanya berjumlah 1.482 dan jumlah publikasi di google scholar adalah 31.174. Kemudian jumlahnya terus meningkat sampai pada tahun 2019 kemarin, jumlah publikasi di Scopus adalah 41.015 dan jumlah publikasi di google scholar adalah 324.013. Karena jumlahnya yang terus meningkat setiap tahunnya, pengelolaan data dokumen publikasi tidak bisa lagi dilakukan secara manual, termasuk pengelompokan atau klasifikasi dokumen berdasarkan topik penelitiannya. Setelah melakukan penelitian dengan menggunakan 600 dokumen, dapat disimpulkan bahwa klasifikasi topik dokumen artikel ilmiah Bahasa Indonesia dapat dilakukan dengan menggunakan metode metode support vector machine, dengan hasil skor akurasi 94%, presisi 95%, dan recall 94%.
Kata Kunci : Klasifikasi, Artikel Ilmiah, Support Vector Machine"
PENERAPAN METODE COLLABORATIVE FILTERING PADA SISTEM REKOMENDASI WISATA HERITAGE,"Sistem rekomendasi adalah sistem yang bertanggung jawab atas mesin rekomendasi yang mampu mengidentifikasikan dan merekomendasikan konten berpotensi yang berdasarkan penyaringan informasi.
Teknologi dewasa ini semakin berkembang dalam hal otomatisasi dan keefektifan dalam melakukan suatu hal. Mulai dari teknologi hardware maupun software. Salah satu teknologi yang ada disini yaitu software berupa Sistem Rekomendasi Wisata Heritage Dengan Metode Collaborative filtering. Sistem ini bertujuan untuk mencari tempat wisata Heritage atau wisata bersejarah yang telah diberi rating oleh penggunjung lain yang sudah pernah menggunjungi tempat wisata tersebut. Dengan menggunakan metode collaborative filtering akan mendapatkan saran rekomendasi dari berbagai pengguna lain.
Sistem pada rekomendasi wisata Heritage menggunakan metode collaborative filtering terdiri dari 6 wisata Heritage, 3 pengguna, 12 rating wisata Heritage. Rekomendasi dengan metode collaborative filtering sehingga akan menghasilkan nilai rekomendasi untuk setiap tujuan wisatanya.

Kata Kunci: Collaborative filtering, wisata, rekomendasi."
RANCANG BANGUN SISTEM KEPUASAN PELANGGAN TERHADAP KUALITAS PELAYANAN MENGGUNAKAN METODE SERVQUAL DI RUMAH MAKAN KALIPENING KENDAL,"Setiap pelanggan memiliki level kepuasan bervariasi, tidak mudah mendapatkan kepuasan pelanggan. Ada perbedaan antara ekspektasi yang diharapkan oleh pelanggan dimana mungkin mengarah pada kepuasan pelanggan. Tetapi bukan hanya proses memuaskan pelanggan saja, pengelola juga membutuhkan layanan berkualitas tinggi, dan juga perlu adanya sistem dukungan yang dapat mengetahui seberapa puas dengan layanan yang dibutuhkan serta tingkat kepuasan terhadap layanan yang diberikan. Teknologi informasi komunikasi dapat digunakan sebagai alat untuk mempercepat dalam proses pengukuran, diawali dari pengumpulan data hingga memperoleh hasil dari analisis yang dapat dijadikan sebagai olahan data pendukung. Metode Service Quality (SERVQUAL) dapat mengetahui kualitas layanan untuk menganalisis penyebab masalah layanan tersebut. Kualitas pelayanan dapat terlihat pada pelayanan yang diberikan atau tidak memenuhi harapan konsumen dan bahkan pelayanan yang diberikan melebihi harapan konsumen. Pada metode ini terdapat lima dimensi yang dapat mengukur suatu kualitas jasa yaitu Responsiveness, Reliability, Assurance, Empathy, dan Tangible. Dengan permasalahan tersebut kualitas pelayanan menjadi hal penting untuk dipertahankan. Peneliti membuat suatu sistem untuk mengukur kepuasan pelanggan guna mengetahui seberapa puas pelanggan dengan kualitas pelayanan oleh pihak Rumah Makan Kalipening menggunakan metode Service Quality. Hasil dari Sistem Kepuasan Pelanggan Terhadap Kualitas Pelayanan Dimensi Tangible berada dalam kategori C (Cukup Puas) mendapatkan nilai ≥ 0.60.

Kata kunci : Kualitas pelayanan, Tingkat Kepuasan Pelanggan, Metode Service Quality"
PREDIKSI PENJUALAN MEBEL PADA JEPARA INDO FURNITURE MENGGUNAKAN METODE LEAST SQUARE,"Tujuan dari sebuah penjualan adalah untuk mencari, mempengaruhi dan memberi petunjuk kepada pembeli supaya dapat menyesuaikan kebutuhan dengan produk yang telah ditawarkan serta mengadakan perjanjian mengenai harga yang saling untung bagi kedua belah pihak. Dalam memasuki pengusaha terus-menerus berubah sangat cepat, apalagi usaha yang sama dan semakin ketat persaingan, diharuskan perusahaan sanggup menanalisis lingkungan usaha dan memprediksi berbagai kemungkinan yang akan terjadi di masa mendatang. Metode ini terdapat informasi atau sumber yang dapat menggunakan pada perusahaan untuk persiapan diri untuk menentukan strategi kedepannya yang lebih baik. Penjualan pada prediksi tentunya ada yang kurang akurat mengakibatkan biaya produksi akan meningkat, keseluruhan pada investasi yang ditanamkan menjadi kurang efisien. Prediksi dilakukan bertujuan untuk mengetahui perkiraan penjualan yang akan datang, untuk memenuhi kebutuhan konsumen. Metode least square mengukur penjualan sekarang untuk menganalisa syarat kini serta sebelumnya menjadi sumber informasi untuk memprediksi keadaan yang akan datang dengan asumsi keadaan masa lalu akan berulang lagi di masa depan. Pengunaan metode least square sangat di tentukan yaitu pada keakuratan maupun kualitas pada informasi atau data diperoleh serta periode ataupun waktu dari data tersebut terkumpul yaitu penjualan.
Kata kunci	: Prediksi,Penjualan,Least Squares."
SISTEM REKOMENDASI PEMBELIAN SMARTPHONE MENGGUNKAN METODE SIMPLE ADDITIVE WEIGHTING,"Perkembangan teknologi, informasi, dan komunikasi menyebabkan kebutuhan pasar terhadap smartphone semakin meningkat. Perusahaan belomba-lomba meluncurkan produk smartphone dengan berbagai fitur kecanggihan yang beragam. Persaingan ini menyebabkan konsumen kebingungan dalam memilih produk yang tepat sesuai kebutuhan dan kemampuan, bukan hanya keinginan. Internet saat ini merupakan sarana utama dalam penyedia informasi dan segala kebutuhan manusia. Untuk itu perlu adanya suatu sistem rekomendasi berbasis website yang dapat membantu calon konsumen dalam mengambil keputusan sebelum melakukan pembelian smartphone. Pemanfaatan metode Simple Additive Weighting dapat mewujudkan kemudahan pengambilan keputusan tersebut. Metode ini dipilih karena terdapat proses perangkingan untuk menyeleksi alternatif terbaik dari sejumlah alternatif. Perangkingan tersebut didasarkan oleh akumulasi nilai dan bobot dari kriteria-kriteria yang telah ditentukan. Pembuatan sistem diawali dengan menentukan kriteria penting ketika para calon konsumen akan membeli smartphone, mengumpulkan data-data produk smartphone diambil dari beberapa sumber di internet, implementasi metode dan pembuatan sistem dengan bahasa pemrograman PHP Laravel dan MySQL, pengujian sistem, dan validasi hasil perhitungan sistem dengan perhitungan manual. Hasil penelitian menunjukkan bahwa sistem rekomendasi dapat berjalan dengan baik setelah pengujian dan menunjukkan hasil yang sama dengan perhitungan manual.

Kata kunci: simple additive weighting, smartphone, rekomendasi."
IMPLEMENTASI METODE ANALYTIC HIERARCHY PROCESS (AHP) DALAM KELAYAKAN PENGAJUAN KREDIT PADA BMT UMMAT SEJAHTERA ABADI JEPARA,"Dalam upaya tingkatkan efisiensi pengambilan keputusan dalam menganalisa informasi dari kreditur hingga dibutuhkan sistem pendukung keputusan yang mampu menolong koperasi dalam memastikan kreditur yang layak dalam memberikan pinjaman bersumber pada kriteria-kriteria yang wajib dipenuhi oleh kreditur. Masalah yang akan diselesaikan dalam penelitian ini adalah dalam pengambilan keputusan diperlukan sumber yang lebih objektif agar hasil dari keputusan dapat dipertanggungjawabkan. Pada BMT Ummat Sejahtera Abadi Jepara diperlukan adanya sistem yang dapat digunakan untuk menentukan kelayakan kredit pada anggota (nasabah) untuk meminimalisir risiko dari kredit. Tujuan dari penelitian adalah mengimplementasikan metode Analytical Hierarchy Process (AHP) pada sistem pendukung keputusan dalam menentukan kelayakan kredit anggota koperasi yang mengajukan kredit pinjaman sehingga proses pengambilan keputusan lebih cepat, efisien dan mempunyai landasan (objektif). Berdasarkan hasil penelitian metode Analytical Hierarchy Process dapat digunakan untuk menentukan kelayakan dari nasabah yang mengajukan pinjaman. Hasil dari sistem pendukung keputusan dapat digunakan untuk membantu dalam ta pengambilan keputusan. Pengujian dilakukan menggunakan blackbox testing dan User Acceptance Test. Pengujian blackbox dan whitebox menghasilkan output yang baik sehingga tidak terdapat kekeliruan dalam implementasi coding. Untuk pengujian UAT nilai yang dihasilkan cukup baik dalam akumulasi respon dari user yang menguji sistem
Kata Kunci: Koperasi, Analytical Hierarchy Process, SPK."
IDENTIFIKASI PASIEN DEMAM BERDARAH  MENGGUNAKAN DATA MINING NAIVE BAYES  PADA PUSKESMAS PADURAKSA PEMALANG,"Kasus DBD di Indonesia tercatat 156.086 perkara menggunakan taraf kematian sejumlah 1358 kematian serta penyakit DBD ini menyerang 464 kota serta kabupaten di Indonesia. Demam Berdarah Dengue wajib  pada deteksi dengan cepat agar bisa ditangani dengan benar oleh energi kesehatan. Maka diharapkan software membantu tenaga kesehatan pada mendeteksi penyakit demam berdarah dengan cepat menggunakan teknik data mining sesuai prosedur pemecahan  Naive Bayes Classifier. Tujuan penelitian ini ialah merancang serta membuatkan software buat membantu energi kesehatan pada memprediksi pasien terindikasi penyakit demam berdarah memakai teknik data mining Naive bayes Classifier. sesuai yang akan terjadi penelitian sistem buat mendiagnosis pasien Demam Berdarah Dengue sudah berhasil diimplementasikan dengan Bahasa pemrograman PHP-MySQL. Sistem yg didesain bisa dipergunakan buat membantu mempermudah memprediksi atau mengklasifikasi pasien Demam Berdarah Dengue sesuai tanda-tanda yg dialami pasien. Metode klasifikasi Naive Bayes yg diterapkan mempunyai performa yg cukup baik dibuktikan menggunakan performa pengujian dengan skema split validation membuat akurasi sebanyak 80 %.
Kata Kunci: DBD, Data Mining, Naïve Bayes"
"SISTEM PENDUKUNG KEPUTUSAN PEMILIHAN 
SISWA BERPRESTASI YANG LAYAK MENJADI SISWA TELADAN 
DENGAN MENGGUNAKAN METODE ANALYTICAL HIERARCHY PROCESS (AHP)
(STUDI KASUS SMP N 1 BERGAS)","Prestasi siswa adalah hasil atas usaha yang dilakukan dalam proses belajar. Karakter orang yang berprestasi yaitu mencintai pekerjaan, memiliki inisiatif dan kreatif, pantang menyerah, serta menjalankan tugas dengan sungguh-sungguh. Kebijakan yang diambil dari pihak sekolah untuk memilih siswa berprestasi yang layak menjadi siswa teladan kurang objektif dalam pemilihannya, pihak sekolah hanya menggunakan jumlah nilai untuk pemilihan siswa berprestasi yang layak menjadi siswa teladan. Oleh karena itu, akan dibangun sistem komputerisasi untuk pemilihan siswa berprestasi yang layak menjadi siswa teladan dengan menerapkan metode Analytical Hierarchy Process. Dalam penelitian ini penulis mengunakan empat kriteria yaitu jumlah nilai, absensi, kemampuan bahasa inggris, dan ekstrakurikuler. Sistem berbasis web ini dapat mempermudah dalam menginformasikan terkait pemilihan siswa berprestasi yang layak menjadi siswa teladan, dikarenakan hasil dari sistem dapat diakses dengan memanfaatkan media internet. 

Kata Kunci: sistem pendukung keputusan, prestasi, Analytical Hierarchy Process"
"SISTEM PENDUKUNG KEPUTUSAN PENILAIAN WAREHOUSE TERBAIK BERDASARKAN PERFORMA DENGAN METODE AHP (ANALYTICAL HIERARCHY PROCESS)
(STUDI KASUS DI PT DHL SUPPLY CHAIN INDONESIA)","PT. DHL Supply Chain Indonesia, perusahaan multinasional yang berfokus pada mengelola rantai pasok. PT DHL Supply Chain Indonesia menuntut diri untuk terus meningkatkan performanya. Dalam rangka memonitoring performa tersebut dari setiap warehouse yang dimiliki oleh perusahaan yang dirasa cukup memakan waktu, pada penelitian ini penulis membantu memberikan alternatif penyelesaian dengan menggunakan sistem pendukung keputusan (SPK) yang memiliki kemampuan mengolah data informasi untuk membantu mendukung dan mengambil keputusan dari masalah-masalah tersruktur, semi terstruktur, hingga tidak terstruktur yang spesifik demi mendukung proses pengambilan keputusan dalam perusahaan. SPK  dengan menggunakan metode AHP (Analytical Hierarchy) diimplementasikan dengan sistem berbasis web,  PHP sebagai bahasa pemrograman dan MySQL sebagai database sistem dan arsitektur sistem menggunakan local host. Sistem ini diterima dengan baik oleh perusahaan dalam rangka memberikan penilaian warehouse terbaik yang hasil akhir perhitungannya menghasilkan ranking bobot performa dari nilai warehouse yang terbaik sampai  dengan nilai yang terendah.
Kata Kunci: Sistem Pendukung Keputusan, Metode AHP (Analytical Hierarchy), Warehouse, Performa Terbaik"
PROTOTYPE DETEKSI PLAT MOBIL DENGAN METODE EDGE DETECTION & OPERATOR CANNY STUDI KASUS FAKULTAS TEKNOLOGI INDUSTRI UNISSULA,"Deteksi Plat Mobil  dengan metode edge detection dan operator canny merupakan deteksi mobil dengan memanfaatkan tepi-tepi dari plat mobil untuk mendeteksi pola huruf dan nomor yang terdapat pada plat mobil. Dalam proses pendeteksian plat mobil, dilakukan dengan cara menginputkan terlebih dahulu data yang akan di rekam untuk pendeteksian agar bisa langsung mendeteksi bersama dengan biodata yang tersimpan dalam database. Untuk itu, dalam  pembangunan sistem ini digunakan database MySQL dan metode  edge detection dan operator canny sebagai  deteksi tepi. Saat data belum terinputkan maka kendaraan tidak dapat dikenali. Dengan algoritma tersebut diharapkan dapat membantu dalam pengecekan plat mobil beserta menampilkan keterangan kedatangan saat mobil datang.

Kata Kunci : Edge Detection, Canny, Deteksi Plat, Pengolahan Citra"
SISTEM REKOMENDASI PENCARIAN KLINIK HEWAN PELIHARAAN DI KOTA SEMARANG MENGGUNAKAN METODE HAVERSINE DAN METODE TOPSIS,"Di era teknologi sekarang ini yang perkembangannya semakin pesat sistem informasi sangat dibutuhkan didalam segala bidang terutama atau khususnya dalam pencaraian lokasi seperti sistem yang akan dibangun oleh peneliti. Untuk mempermudah pencarian klinik hewan peliharaan dibutuhkan aplikasi atau sistem untuk mempermudah user dalam mencari klinik hewan peliharaan karena belum adanya sistem informasi pencarian klinik hewan peliharaan khusus untuk daerah kota Semarang. Diharapkan dengan adanya aplikasi ini dapat membantu menentukan jarak terdekat dan menentukan rekomendasi klinik hewan peliharaan dengan menggunakan metode haversine dan metode topsis.Metode Haversine Formula menghitung jarak antara 2 titik dengan berdasarkan panjang garis lurus antara 2 titik pada garis bujur dan lintang dan Topsis  memiliki konsep dimana alternatif yang terpilih merupakan alternatif terbaik yang memiliki jarak terpendek dari solusi ideal positif dan jarak terjauh dari solusi ideal negatif.Dalam pembuatan website pencarian klinik hewan peliharaan ini telah dibuktikan bahwa metode haversine dan topsis menjadi metode yang sangat cocok dalam pengaplikasian sistem pintar dalam merekomendasikan pencarian klinik hewan peliharaan .
Kata Kunci: Haversine, Topsis, Klinik Hewan"
PENGEMBANGAN PENGELOMPOKAN KEILMUAN PENELITI JAWA TENGAH MENGGUNAKAN TEKNIK SCRAPING BERBASIS GOOGLE SCHOLAR,"Perlunya pembangunan daerah menjadi perhatian saat ini. Pembangunan wilayah Jawa Tengah memerlukan para Ilmuan yang ahli di bidangnya dan Jawa Tengah sendiri belum mempunyai peta kepakaran ilmuan yang komprehensif yang terdiri dari para peneliti se Jawa Tengah. Salah satu permasalahan pertama yang dihadapi adalah bagaimana mengumpulkan data kepakaran penelitian secara menyeluruh Jawa Tengah. Beberapa sumber data dapat dijadikan sebagai referensi antara lain SINTA dan Google Scholar. Web scraping merupakan salah satu cara pendekatan untuk mengambil data dari halaman google scholar secara otomatis berbasis DOM yang telah dilakukan pada penelitian ini. Jumlah data terkumpul dalam database maka pengelompokan kepakaran bisa dilakukan. Hasil data yang di-scraping mencapai 20.973 peneliti Jawa Tengah dan dikelompokkan menjadi 7599 total bidang kepakaran. Setiap bidang kepakaran dikelompokan lagi menurut 12 rumpun ilmu utama berdasarkan kategori yang dikeluarkan Kementrian Pendidikan dan Kebudayaan Indonesia. 

Kata kunci: Web Scraping, Peneliti Jawa Tengah, SINTA, Google Scholar"
"SISTEM PAKAR MENGGUNAKAN METODE FORWARD CHAINING UNTUK DIAGNOSA HAMA DAN PENYAKIT TANAMAN PADI
(STUDI KASUS : LABORATORIUM PENGAMATAN HAMA PENYAKIT TANAMAN WILAYAH PATI)","Tanaman padi merupakan tanaman pangan utama masyarakat Indonesia. Makanan merupakan kebutuhan manusia yang paling pokok selain udara dan air. Oleh sebab itu upaya peningkatan produksi harus diperhatikan. Salah satu kendala atau penghambat dalam pertanian padi adalah hama dan penyakit yang menyerang tanaman padi. Namun pengetahuan para petani padi tentang hama dan penyakit serta pengendaliannya masih kurang. Di sisi lain jumlah pakar tentang hama dan penyakit padi terbatas. Salah satu ilmu dalam bidang teknologi yang dapat menjadi solusi pada masalah tersebut yaitu ilmu sistem pakar. Dalam pembuatan sistem ini dibutuhkan pakar yang ahli di bidang hama dan penyakit tanaman padi untuk mendapatkan data-data yang akurat. Metode yang akan digunakan dalam penelitian ini adalah metode Forward Chaining untuk menentukan jenis-jenis hama dan penyakit tanaman padi. Input yang dibutuhkan adalah gejala atau ciri-ciri yang muncul pada tanaman padi. Basis pengetahuan dibangun dengan menggunakan kaidah produksi (IF_THEN). Nilai akan diperoleh dari aturan (rule) untuk gejala atau ciri-ciri yang digabungkan. Hasil dari penggabungan ini merupakan output solusi hama dan penyakit tanaman padi. Sistem pakar ini akan membantu petani untuk mengetahui jenis hama dan penyakit tanaman padi serta cara pengendaliannya. 

Kata Kunci: Sistem Pakar, Forward Chaining, Tanaman Padi, Hama dan Penyakit Tanaman Padi"
IMPLEMENTASI METODE SUPER RESOLUTION UNTUK PENINGKATAN KUALITAS CITRA PADA CITRA HASIL CROPPING,"Citra saat ini merupakan salah satu hal penting pada era digital saat ini. Akan tetapi jika citra dilakukan cropping manual maka citra akan berkurang resolusinya yang mengakibatkan citra menjadi blur. Maka, dibuatlah penelitian mengenai citra. Penelitian ini menggunakan implementasi metode super resolution supaya mendapatkan hasil yang bagus. Metode super resolusi ini memiliki beberapa Langkah atau proses terlebih dahulu pada penelitian ini. Yaitu yang pertama adalah registrasi citra, registrasi citra yang dipakai adalah registrasi average, lalu cropping citra, dan yang terakhir adalah interpolasi citra yang menggunakan metode interpolasi bilinear. Penelitian ini menggunakan jenis citra .tif untuk data uji. Citra hasil super resolusi nantinya tidak akan sama bentuknya dengan citra asli karena citra hasil super resolusi adalah citra yang sebelumnya telah melalui proses cropping terlebih dahulu. Sehingga hanya di titik yang ditentukan saja yang akan diproses. Setelah diproses citra akan keluar pada axes beserta informasinya pada kolom inforasi citra. Dengan menggunakan metode super resolusi ini diharapkan akan mendapatkan hasil citra yang lebih baik dari citra sebelumnya. 
Kata kunci : Super Resolution, Interpolasi Citra, Registrasi Citra, Cropping Citra."
